PRAGMA foreign_keys = ON;
BEGIN TRANSACTION;
create table blend_components (
	blend_components_id integer not null,
	product_lot_id not null,
	recipe_components_id not null,
	component_id not null,
	component_required_amount real,
	component_blended_amount real,
foreign key (product_lot_id) references product_lot,
foreign key (component_id) references component_list,
foreign key (recipe_components_id) references recipe_components,
primary key (blend_components_id)
);
create table component_list (
	component_id integer not null,
	component_type_id not null,
	inbound_lot_id,
	product_lot_id,
unique (component_type_id,inbound_lot_id),
unique (component_type_id,product_lot_id),
foreign key (component_type_id) references component_types,
foreign key (inbound_lot_id) references inbound_lot,
foreign key (product_lot_id) references product_lot,
primary key (component_id));
create table component_type_product_inbound (
	component_type_product_inbound_id integer not null,
	component_type_id not null,
	inbound_product_id not null,
	foreign key (component_type_id) references component_types,
	foreign key (inbound_product_id) references inbound_product,
	unique (component_type_id,inbound_product_id),
	primary key (component_type_product_inbound_id));
create table component_type_product_internal (
	component_type_product_internal_id integer not null,
	component_type_id not null,
	product_id not null,
	foreign key (component_type_id) references component_types,
	foreign key (product_id) references product_line,
	unique (component_type_id,product_id),
	primary key (component_type_product_internal_id));
create table component_types (
	component_type_id integer not null,
	component_type_name text not null,
	primary key (component_type_id),
	unique (component_type_name));
create table container_list (
	container_id integer not null,
	container_name text not null,
	container_type_id not null default 3,
foreign key (container_type_id) references container_types,
unique (container_name),
primary key (container_id));
create table container_types (
	container_type_id integer not null,
	container_type_name text not null,
unique (container_type_name),
primary key (container_type_id));
create table database_info (
	database_id integer not null,
	database_version_major integer not null,
	database_version_minor integer not null,
	database_version_revision integer not null,
	check (database_id = 0),
	primary key (database_id));
create table inbound_lot (
	inbound_lot_id integer not null,
	inbound_lot_name text,
	inbound_product_id,
	inbound_provider_id,
	container_id not null,
	inbound_status_id not null default 1,
unique (inbound_lot_name),
foreign key (inbound_product_id) references inbound_product,
foreign key (inbound_provider_id) references inbound_provider_list,
foreign key (container_id) references container_list,
foreign key (inbound_status_id) references inbound_status_list,
primary key (inbound_lot_id)
);
create table inbound_product (
	inbound_product_id integer not null,
	inbound_product_name text,
	unique (inbound_product_name),
	primary key (inbound_product_id));
create table inbound_provider_list (
	inbound_provider_id integer not null,
	inbound_provider_name text not null,
unique (inbound_provider_name),
primary key (inbound_provider_id));
create table inbound_relabel (
	inbound_relabel_id integer not null,
	lot_id not null,
	inbound_lot_id not null,
	container_id not null,
foreign key (lot_id) references lot_list,
foreign key (inbound_lot_id) references inbound_lot,
foreign key (container_id) references container_list,
primary key (inbound_relabel_id),
unique (lot_id)
);
create table inbound_status_list (
	inbound_status_id integer not null,
	inbound_status_name text not null,
	primary key (inbound_status_id),
	unique (inbound_status_name));
create table internal_status_list (
	internal_status_id integer not null,
	internal_status_name text not null,
primary key (internal_status_id),
unique (internal_status_name)
);
create table lot_list (

lot_id integer not null,
lot_name text not null,
internal_status_id not null default 3,

foreign key (internal_status_id) references internal_status_list,
unique (lot_name),
primary key (lot_id)
);
create table product_appearance (
	product_appearance_id integer not null,
	product_appearance_text text not null,
unique (product_appearance_text),
primary key (product_appearance_id)
);
create table product_customer_line (
	product_customer_id integer not null,
	product_id not null,
	product_name_customer text unique,
foreign key (product_id) references product_line,
primary key (product_customer_id));
create table product_line (
	product_id integer not null,
	product_name_internal text unique not null,
	product_moniker_id not null,
foreign key (product_moniker_id) references product_moniker,
primary key (product_id));
create table product_lot (
	product_lot_id integer not null,
	lot_id not null,
	product_id not null,
	product_customer_id,
	recipe_id,
primary key (product_lot_id),
foreign key (lot_id) references lot_list,
foreign key (product_id) references product_line,
foreign key (product_customer_id) references product_customer_line,
foreign key (recipe_id) references recipe_list,
unique (lot_id,product_id)
);
create table product_moniker (
	product_moniker_id integer not null,
	product_moniker_name text unique not null,
	primary key (product_moniker_id));
create table product_ranges_measured (
	range_id 		integer not null,
	product_id 		not null,
	product_type_id 	integer not null,
	product_appearance_id 	integer,
	ph_min			real,
	ph_target		real,
	ph_max			real,
	specific_gravity_min	real,
	specific_gravity_target	real,
	specific_gravity_max	real,
	density_min		real,
	density_target		real,
	density_max		real,
	string_test_min		real,
	string_test_target	real,
	string_test_max		real,
	viscosity_min		real,
	viscosity_target	real,
	viscosity_max		real,
primary key (range_id),
foreign key (product_id) references product_line,
foreign key (product_type_id) references product_types,
foreign key (product_appearance_id) references product_appearance,
unique (product_id)
);
create table product_ranges_published (
	qc_range_id 		integer not null,
	product_id 		not null,
	product_appearance_id 	integer not null,
	ph_min			real,
	ph_target		real,
	ph_max			real,
	specific_gravity_min	real,
	specific_gravity_target	real,
	specific_gravity_max	real,
	density_min		real,
	density_target		real,
	density_max		real,
	string_test_min		real,
	string_test_target	real,
	string_test_max		real,
	viscosity_min		real,
	viscosity_target	real,
	viscosity_max		real,
primary key (qc_range_id),
foreign key (product_id) references product_line,
foreign key (product_appearance_id) references product_appearance,
unique (product_id)
);
create table product_sample_points (
	sample_point_id integer not null,
	sample_point text,
	primary key (sample_point_id),
	unique (sample_point)
);
create table product_sample_storage (

product_sample_storage_id integer not null,
product_moniker_id not null,
retain_storage_duration integer not null,
max_storage_capacity integer not null,

qc_sample_storage_id not null,
qc_sample_storage_offset integer not null,
qc_storage_capacity integer not null,


foreign key (product_moniker_id) references product_moniker,
foreign key (qc_sample_storage_id) references qc_sample_storage_list,
primary key (product_sample_storage_id)
);
create table product_types (
	product_type_id integer not null,
	product_type_name text not null,
	container_type_id integer not null,
primary key (product_type_id),
foreign key (container_type_id) references container_types,
unique (product_type_name)
);
create table qc_sample_storage_list (
	qc_sample_storage_id integer not null,
	qc_sample_storage_name text not null,
	product_moniker_id not null,
foreign key (product_moniker_id) references product_moniker,
unique (qc_sample_storage_name),
primary key (qc_sample_storage_id)
);
create table qc_samples (
	qc_id integer not null,
	lot_id integer not null,
	sample_point_id integer,
	qc_tester_id integer,
	qc_sample_storage_id integer,
	time_stamp integer,
	ph real,
	specific_gravity real,
	string_test real,
	viscosity real,
foreign key (lot_id) references lot_list,
foreign key (sample_point_id) references product_sample_points,
foreign key (qc_sample_storage_id) references qc_sample_storage_list,
foreign key (qc_tester_id) references qc_tester_list,
primary key (qc_id)
);
create table qc_tester_list (
	qc_tester_id integer not null,
	qc_tester_name text not null,
unique (qc_tester_name),
primary key (qc_tester_id)
);
create table recipe_components (
	recipe_components_id integer not null,
	recipe_id integer not null,
	component_type_id not null,
	component_type_amount real,
	component_add_order not null,
	unique (recipe_id,component_add_order),
	foreign key (recipe_id) references recipe_list,
	foreign key (component_type_id) references component_types,
	primary key (recipe_components_id));
create table recipe_list (
	recipe_id integer not null,
	product_id not null,
	foreign key (product_id) references product_line,
	primary key (recipe_id));
insert into blend_components values (1,235,4,1,35.0,null),
 (2,235,3,3,65.0,null),
 (3,238,3,3,65.0,null),
 (4,240,1,1,30.0,null),
 (5,240,2,6,70.0,null),
 (6,242,4,7,35.0,null),
 (7,242,3,2,65.0,null),
 (8,242,4,7,35.0,null),
 (9,242,3,2,65.0,null),
 (10,244,4,7,35.0,null),
 (11,244,3,2,65.0,null),
 (12,246,4,7,35.0,null),
 (13,246,3,2,65.0,null),
 (14,247,4,7,35.0,null),
 (15,247,3,2,65.0,null),
 (16,248,1,7,30.0,null),
 (17,248,2,6,70.0,null),
 (18,249,1,11,30.0,null),
 (19,249,2,6,70.0,null),
 (20,251,4,11,35.0,null),
 (21,251,3,2,65.0,null),
 (22,250,4,11,35.0,null),
 (23,250,3,2,65.0,null),
 (24,252,1,11,30.0,null),
 (25,252,2,6,70.0,null),
 (26,253,4,11,35.0,null),
 (27,253,3,2,65.0,null),
 (28,254,4,11,35.0,null),
 (29,254,3,2,65.0,null),
 (30,'255','4','11',35.0,null),
 (31,'255','3','2',65.0,null),
 (32,258,1,12,150.0,null),
 (33,258,2,16,350.0,null),
 (34,257,1,11,30.0,null),
 (35,262,4,12,175.0,null),
 (36,262,3,13,325.0,null),
 (37,261,4,12,35.0,null),
 (38,261,3,13,65.0,null);
insert into component_list values (1,1,5,null),
 (2,3,3,null),
 (3,3,1,null),
 (4,2,2,null),
 (5,3,9,null),
 (6,2,12,null),
 (7,1,16,null),
 (8,3,10,null),
 (9,3,11,null),
 (10,1,13,null),
 (11,1,14,null),
 (12,1,15,null),
 (13,3,6,null),
 (14,3,7,null),
 (15,3,8,null),
 (16,2,19,null);
insert into component_type_product_inbound values (1,1,1),
 (2,2,2),
 (3,3,3),
 (4,4,4);
insert into component_types values (1,'PETROFLO FR2220'),
 (2,'PETROFLO FR330VBHB'),
 (3,'FLOJET E 562'),
 (4,'PETROFLO FR230VB');
insert into container_list values (1,'SAMPLE','1'),
 (2,'TOTE','2'),
 (3,'TCIX 014021',3),
 (4,'MULX 701846',3),
 (5,'TCBX 231131',3),
 (6,'MULX 700065',3),
 (7,'TCBX 231151',3),
 (8,'TCIX 014065',3),
 (9,'GATX 218801',3),
 (10,'MULX 700289',3),
 (11,'TCBX 231146',3),
 (12,'MULX 700198',3),
 (13,'MULX 700170',3),
 (14,'TCBX 231107',3),
 (15,'MULX 700144',3),
 (16,'GBRX 705924',3),
 (17,'GBRX 705919',3),
 (18,'TCIX 014083',3),
 (19,'TCBX 231133',3),
 (20,'GATX 218833',3),
 (21,'TCIX 258634',3);
insert into container_types values (1,'Sample'),
 (2,'Tote'),
 (3,'Railcar');
insert into database_info values (0,0,0,4);
insert into inbound_lot values (1,'BTAPL7/2705',3,1,'17',1),
 (2,'BTAPL1/5893',2,1,9,4),
 (3,'BTAPL7/2684',3,1,'18',4),
 (4,'RPLE/32656',1,1,11,4),
 (5,'RPLE/33272',1,1,12,4),
 (6,'BTAPL7/2707',3,1,3,3),
 (7,'BTAPL7/2734',3,1,4,1),
 (8,'BTAPL7/2735',3,1,5,1),
 (9,'BTAPL7/2736',3,1,6,1),
 (10,'BTAPL7/2737',3,1,7,1),
 (11,'BTAPL7/2746',3,1,8,1),
 (12,'BTAPL3/4558',2,1,10,1),
 (13,'RPLE/33273',1,1,13,4),
 (14,'RPLE/33557',1,1,14,4),
 (15,'RPLE/33598',1,1,15,3),
 (16,'RPLE/33645',1,1,16,4),
 (17,'RPLE/34212',1,1,19,1),
 (18,'RPLE/34211',1,1,20,1),
 (19,'3R2BS7249/20250731',2,2,21,3);
insert into inbound_product values (1,'PETROFLO FR2220'),
 (2,'PETROFLO FR330VBHB'),
 (3,'FLOJET E 562'),
 (4,'PETROFLO FR230VB');
insert into inbound_provider_list values (1,'SNF'),
 (2,'Unknown');
insert into inbound_relabel values (1,242,15,15),
 (2,249,19,21),
 (3,254,6,3);
insert into inbound_status_list values (1,'AVAILABLE'),
 (2,'SAMPLED'),
 (3,'TESTED'),
 (4,'UNAVAILABLE');
insert into internal_status_list values (1,'REQUESTED'),
 (2,'PRINTED'),
 (3,'BLENDED'),
 (4,'TESTED'),
 (5,'SHIPPED');
insert into lot_list values (1,'',4),
 (2,'BSWB250313D',4),
 (3,'BSWB250326A',4),
 (4,'BSFR250411B',4),
 (5,'BSWH250414A',4),
 (6,'BSWH250415A',4),
 (7,'BSWB250416A',4),
 (8,'BSWH250416A',4),
 (9,'BSWB250416B',4),
 (10,'BSWH250416B',4),
 (11,'BSFR250416C',4),
 (12,'BSWH250416C',4),
 (13,'BSWH250416E',4),
 (14,'BSFR250417A',4),
 (15,'BSFR250417B',4),
 (16,'BSFR250417C',4),
 (17,'BSWH250418A',4),
 (18,'BSFR250421A',4),
 (19,'BSWH250421A',4),
 (20,'BSFR250421B',4),
 (21,'BSFR250421C',4),
 (22,'BSFR250422A',4),
 (23,'BSWH250423A',4),
 (24,'BSFR250424A',4),
 (25,'BSWB250424A',4),
 (26,'BSWH250424A',4),
 (27,'BSFR250424B',4),
 (28,'BSFR250425A',4),
 (29,'BSWB240425A',4),
 (30,'BSWB250425A',4),
 (31,'BSWH250425A',4),
 (32,'BSFR250425B',4),
 (33,'BSFR250428A',4),
 (34,'BSFR250428B',4),
 (35,'BSFR250428C',4),
 (36,'BSFR250428D',4),
 (37,'BSFR250428E',4),
 (38,'BSWH250429A',4),
 (39,'BSWH250429B',4),
 (40,'BSWH250429C',4),
 (41,'BSWH250429D',4),
 (42,'BSWH250429E',4),
 (43,'BSWH250429F',4),
 (44,'BSFR250430A',4),
 (45,'BSWH250430A',4),
 (46,'BSFR250501A',4),
 (47,'BSWH250501A',4),
 (48,'BSFR250501B',4),
 (49,'BSFR250501C',4),
 (50,'BSWB250502A',4),
 (51,'BSWH250502A',4),
 (52,'BSFR250502B',4),
 (53,'BSWB250502B',4),
 (54,'BSWH250502B',4),
 (55,'BSFR250502C',4),
 (56,'BSFR250502D',4),
 (57,'BSWB250505A',4),
 (58,'BSWB250505B',4),
 (59,'BSWB250507A',4),
 (60,'BSWB250508A',4),
 (61,'BSWH250508A',4),
 (62,'BSFR250509A',4),
 (63,'BSWH250509A',4),
 (64,'BSWH250509B',4),
 (65,'BSFR250512A',4),
 (66,'BSWB250512A',4),
 (67,'BSFR250512B',4),
 (68,'BSFR250512C',4),
 (69,'BSFR250512D',4),
 (70,'BSFR250513A',4),
 (71,'BSWH250513A',4),
 (72,'BSFR250514A',4),
 (73,'BSWH250514A',4),
 (74,'BSFR250514B',4),
 (75,'BSFR250515A',4),
 (76,'BSWB250515A',4),
 (77,'BSWB250515B',4),
 (78,'BSWH250515B',4),
 (79,'BSFR250516A',4),
 (80,'BSWB250516A',4),
 (81,'BSWH250516A',4),
 (82,'BSFR250516B',4),
 (83,'BSWH250516B',4),
 (84,'BSFR250516C',4),
 (85,'BSFR250516D',4),
 (86,'BSFR250517A',4),
 (87,'BSFR250517C',4),
 (88,'BSFR250517D',4),
 (89,'BSFR250519A',4),
 (90,'BSFR250519B',4),
 (91,'BSFR250519C',4),
 (92,'BSWH250520A',4),
 (93,'BSWH250520B',4),
 (94,'BSFR250521A',4),
 (95,'BSWH250521A',4),
 (96,'BSFR250521B',4),
 (97,'BSWH250521B',4),
 (98,'BSFR250521C',4),
 (99,'BSFR250521D',4),
 (100,'BSFR250521E',4),
 (101,'BSFR250522A',4),
 (102,'BSWH250522A',4),
 (103,'BSFR250522B',4),
 (104,'BSFR250523A',4),
 (105,'BSWB250523A',4),
 (106,'BSWH250523A',4),
 (107,'BSFR250523B',4),
 (108,'BSWH250523B',4),
 (109,'BSWH250524A',4),
 (110,'BSFR250527A',4),
 (111,'BSWB250527A',4),
 (112,'BSWH250527A',4),
 (113,'BSWB250527B',4),
 (114,'BSWH250528A',4),
 (115,'BSWB250529A',4),
 (116,'BSWH250529A',4),
 (117,'BSWH250529B',4),
 (118,'BSWB250530A',4),
 (119,'BSWH250602A',4),
 (120,'BSWH250602B',4),
 (121,'BSWB250603A',4),
 (122,'BSWH250603A',4),
 (123,'BSFR250604A',4),
 (124,'BSWB250604A',4),
 (125,'BSFR250605A',4),
 (126,'BSFR250606A',4),
 (127,'BSWH250606A',4),
 (128,'BSFR250609A',4),
 (129,'BSWH250609A',4),
 (130,'BSFR250609B',4),
 (131,'BSFR250609C',4),
 (132,'BSWH250610A',4),
 (133,'BSWH250611A',4),
 (134,'BSFR250612A',4),
 (135,'BSFR250613A',4),
 (136,'BSFR250616A',4),
 (137,'BSWB250616A',4),
 (138,'BSWH250616A',4),
 (139,'BSWH250618A',4),
 (140,'BSFR250619A',4),
 (141,'BSWH250619A',4),
 (142,'BSWH250620A',4),
 (143,'BSFR250621A',4),
 (144,'BSWH250623A',4),
 (145,'BSFR250624A',4),
 (146,'BSWB250624A',4),
 (147,'BSWH250624B',4),
 (148,'BSFR250627A',4),
 (149,'BSWB250627A',4),
 (150,'BSFR250630A',4),
 (151,'BSFR250630B',4),
 (152,'BSFR250701A',4),
 (153,'BSWB250701A',4),
 (154,'BSWH250701B',4),
 (155,'BSFR250702A',4),
 (156,'BSFR250702B',4),
 (157,'BSFR250703A',4),
 (158,'BSWB250703A',4),
 (159,'BSFR250703B',4),
 (160,'BSFR250707A',4),
 (161,'BSWB250707A',4),
 (162,'BSWB250708A',4),
 (163,'BSWB250709A',4),
 (164,'BSWH250709A',4),
 (165,'BSWH250709C',4),
 (166,'BSWB250710A',4),
 (167,'BSWB250710B',4),
 (168,'BSFR250711A',4),
 (169,'BSWB250711A',4),
 (170,'BSFR250715A',4),
 (171,'BSWH250715A',4),
 (172,'BSFR250715B',4),
 (173,'BSWH250715B',4),
 (174,'BSWH250715C',4),
 (175,'BSFR250716A',4),
 (176,'BSWB250716A',4),
 (177,'BSWH250716A',4),
 (178,'BSWH250717A',4),
 (179,'BSFR250718A',4),
 (180,'BSWB250718A',4),
 (181,'BSFR250718B',4),
 (182,'BSWB250719A',4),
 (183,'BSFR250721A',4),
 (184,'BSWB250721A',4),
 (185,'BSWB250722A',4),
 (186,'BSWH250722A',4),
 (187,'BSWB250722B',4),
 (188,'BSFR250723A',4),
 (189,'BSWB250723A',4),
 (190,'BSFR250724A',4),
 (191,'BSWB250724A',4),
 (192,'BSFR250724B',4),
 (193,'BSWH250725A',4),
 (194,'BSWH250725B',4),
 (195,'BSFR250726A',4),
 (196,'BSWH250726A',4),
 (197,'BSWH250726B',4),
 (198,'BSWH250728A',4),
 (199,'BSWH250728B',4),
 (200,'BSWB250729A',4),
 (201,'BSWH250729A',4),
 (202,'BSWB250730A',4),
 (203,'BSWH250730A',4),
 (204,'BSWH250730B',4),
 (205,'BSWH250731A',4),
 (206,'BSWH250731C',4),
 (207,'BSWB250731A',4),
 (208,'BSWH250731B',4),
 (209,'BSFR250801B',4),
 (210,'BSFR250801A',4),
 (211,'BSFR250804A',4),
 (212,'BSFR250804B',4),
 (213,'BSFR250804D',4),
 (214,'BSWB250804A',4),
 (215,'BSFR250804C',4),
 (216,'BSFR250805B',4),
 (217,'BSFR250805A',4),
 (218,'BSFR250808A',4),
 (219,'BSWB250808A',4),
 (220,'BSFR250808B',4),
 (221,'BSFR250809A',4),
 (222,'BSFR250809B',4),
 (223,'BSWB250806A',4),
 (224,'BSWB250807A',4),
 (225,'BSFR250811A',4),
 (226,'BSFR250811B',4),
 (227,'BSWH250812A',4),
 (228,'BSFR250812A',4),
 (229,'BSWB250812B',4),
 (230,'BSFR250812B',4),
 (231,'BSWB250813A',4),
 (232,'BSFR250813A',4),
 (233,'BSWB250813B',4),
 (234,'BSFR250813B',4),
 (235,'BSWH250814A',4),
 (236,'BSFR250813D',4),
 (237,'BSFR250814A',4),
 (238,'BSFR250815A',4),
 (239,'BSFR250815B',4),
 (240,'BSFR250818A',4),
 (241,'BSFR250818B',4),
 (242,'BSQL250818A',4),
 (243,'BSFR250818C',4),
 (244,'BSFR250819A',4),
 (245,'BSFR250819C',4),
 (246,'BSFR250819B',4),
 (247,'BSWH250820A',4),
 (248,'BSFR250820A',4),
 (249,'BSQL250821A',4),
 (250,'BSQL250821B',4),
 (251,'BSWH250821A',4),
 (252,'BSWB250821A',4),
 (253,'BSFR250822A',4),
 (254,'BSQL250822A',4),
 (255,'BSQL250822B',4);
insert into product_appearance values (1,''),
 (2,'Milky, Grayish-White'),
 (3,'Colorless to Light Yellow Liquid'),
 (4,'Yellow Liquid'),
 (5,'Amber Liquid'),
 (6,'Dark Blue Liquid'),
 (7,'DARK AMBER LIQUID'),
 (8,'Clear, Light Yellow Liquid'),
 (9,' '),
 (10,'Colorless to Light Amber'),
 (11,'Light Amber Liquid'),
 (12,'Water-white to yellow liquid');
insert into product_customer_line values (1,1,'V-SLICK 440A'),
 (2,9,'AXI-SCALE 3000C'),
 (3,3,'V-SLICK 450A-M'),
 (4,10,'P2P-1000'),
 (5,11,'SCALE 806'),
 (6,15,'P2P-2408'),
 (7,18,'DM-1912'),
 (8,19,'WCSI-601'),
 (9,22,'WCSI-602'),
 (10,23,'GCSI-640'),
 (11,24,'IHC AD-51'),
 (12,16,'SCAV-710'),
 (13,28,'DM-1945'),
 (14,30,'P2P-269'),
 (15,31,'MAXICIDE GA25'),
 (16,32,'IHC - BLUE STEEL'),
 (17,34,'AI-LT3'),
 (18,35,'P2P-9602'),
 (19,37,'CTP-30'),
 (20,39,'P2P-2623');
insert into product_line values (1,'FR-1015',13),
 (2,'POP-X2325',9),
 (3,'FR-1579',13),
 (4,'H2O',8),
 (5,'310',14),
 (6,'GA510',1),
 (7,'FR-1020',13),
 (8,'GA1203',1),
 (9,'611C',7),
 (10,'FBA-1344',11),
 (11,'6112A',7),
 (12,'FR-230VB 1%',13),
 (13,'1500C-IPA',4),
 (14,'310C',14),
 (15,'2408',4),
 (16,'X542',15),
 (17,'380C',16),
 (18,'TX3512',4),
 (19,'CSI-320',16),
 (20,'306C',16),
 (21,'321C',16),
 (22,'CSI-321',16),
 (23,'CSI-320GL',16),
 (24,'AD-51',4),
 (25,'3207',7),
 (26,'511C',7),
 (27,'BD 2995',17),
 (28,'1906',4),
 (29,'3070',2),
 (30,'51269',12),
 (31,'GA25',1),
 (32,'BD 2987',17),
 (33,'1908',4),
 (34,'200',16),
 (35,'9602',7),
 (36,'FRSA-6010',11),
 (37,'POP-1515',9),
 (38,'DDQ50',1),
 (39,'512623',12),
 (40,'GA1203-3.6XL',1),
 (41,'K120',2),
 (42,'3050',2),
 (43,'305',16),
 (44,'51629',12),
 (45,'GA1403',1),
 (46,'MEA160',15);
insert into product_lot values (1,1,4,null,1),
 (2,5,2,null,null),
 (3,9,6,null,null),
 (4,10,3,3,null),
 (5,12,7,null,null),
 (6,7,8,null,null),
 (7,8,9,2,null),
 (8,4,'1',null,null),
 (9,11,3,3,null),
 (10,14,3,3,null),
 (11,15,3,3,null),
 (12,6,10,4,null),
 (13,17,11,5,null),
 (14,16,3,3,null),
 (15,13,12,null,null),
 (16,18,3,3,null),
 (18,21,3,3,null),
 (19,20,3,3,null),
 (20,19,13,null,null),
 (21,22,1,1,null),
 (22,3,8,null,null),
 (23,23,14,null,null),
 (25,19,15,6,null),
 (26,25,8,null,null),
 (27,24,1,1,null),
 (28,27,1,1,null),
 (29,26,13,null,null),
 (30,28,3,3,null),
 (31,32,1,1,null),
 (32,29,16,12,null),
 (33,30,16,12,null),
 (34,31,17,null,null),
 (35,34,1,1,null),
 (36,33,1,1,null),
 (37,37,1,1,null),
 (38,38,18,7,null),
 (39,35,3,3,null),
 (40,36,3,3,null),
 (41,40,19,8,null),
 (42,43,20,null,null),
 (43,42,21,null,null),
 (44,41,22,9,null),
 (45,39,23,10,null),
 (46,45,24,11,null),
 (47,44,1,1,null),
 (48,47,9,2,null),
 (49,48,3,3,null),
 (50,46,3,3,null),
 (51,55,3,3,null),
 (52,50,8,null,null),
 (53,53,25,null,null),
 (54,52,1,1,null),
 (55,49,1,1,null),
 (56,51,26,null,null),
 (57,54,27,null,null),
 (58,57,25,null,null),
 (61,58,16,12,null),
 (62,61,28,13,null),
 (63,60,8,null,null),
 (64,59,26,null,null),
 (65,63,29,null,null),
 (66,62,3,3,null),
 (67,64,18,7,null),
 (68,66,11,5,null),
 (69,65,3,3,null),
 (70,67,1,1,null),
 (71,68,1,1,null),
 (72,71,13,null,null),
 (73,69,3,3,null),
 (74,70,3,3,null),
 (75,73,30,14,null),
 (76,72,3,3,null),
 (77,74,1,1,null),
 (78,76,31,15,null),
 (79,78,28,13,null),
 (80,77,28,13,null),
 (81,80,8,null,null),
 (82,82,1,1,null),
 (83,79,1,1,null),
 (84,83,32,16,null),
 (85,81,33,null,null),
 (86,87,1,1,null),
 (87,75,1,1,null),
 (88,84,3,3,null),
 (89,85,3,3,null),
 (90,86,3,3,null),
 (91,88,3,3,null),
 (92,90,3,3,null),
 (93,91,3,3,null),
 (94,93,34,17,null),
 (95,89,1,1,null),
 (96,94,3,3,null),
 (97,92,13,null,null),
 (98,95,35,18,null),
 (99,96,3,3,null),
 (100,97,24,11,null),
 (101,98,1,1,null),
 (102,99,1,1,null),
 (103,100,3,3,null),
 (104,102,3,3,null),
 (105,101,3,3,null),
 (106,103,3,3,null),
 (107,105,8,null,null),
 (108,104,3,3,null),
 (109,107,1,1,null),
 (110,108,10,4,null),
 (111,106,36,null,null),
 (112,112,24,11,null),
 (113,110,1,1,null),
 (114,111,25,null,null),
 (115,113,28,13,null),
 (116,56,3,3,null),
 (117,114,13,null,null),
 (118,117,32,16,null),
 (119,115,8,null,null),
 (120,116,3,3,null),
 (121,116,30,14,null),
 (122,118,25,null,null),
 (123,119,3,3,null),
 (124,120,30,14,null),
 (125,122,30,14,null),
 (126,124,25,null,null),
 (127,123,3,3,null),
 (128,121,8,null,null),
 (129,125,1,1,null),
 (130,126,1,1,null),
 (131,129,2,null,null),
 (132,128,1,1,null),
 (133,130,1,1,null),
 (134,131,1,1,null),
 (135,132,3,3,null),
 (136,134,1,1,null),
 (137,135,1,1,null),
 (138,133,37,19,null),
 (139,136,1,1,null),
 (140,137,8,null,null),
 (141,138,13,null,null),
 (142,139,2,null,null),
 (143,141,32,16,null),
 (144,140,1,1,null),
 (145,142,20,null,null),
 (146,143,1,1,null),
 (147,144,35,18,null),
 (148,146,25,null,null),
 (149,147,34,17,null),
 (150,109,3,3,null),
 (151,145,1,1,null),
 (152,149,8,null,null),
 (153,148,1,1,null),
 (154,150,1,1,null),
 (155,151,1,1,null),
 (156,152,1,1,null),
 (157,153,38,null,null),
 (158,154,34,17,null),
 (159,127,39,20,null),
 (160,155,1,1,null),
 (161,156,1,1,null),
 (162,158,26,null,null),
 (163,157,1,1,null),
 (164,159,1,1,null),
 (165,161,8,null,null),
 (166,160,1,1,null),
 (167,162,8,null,null),
 (168,162,40,null,null),
 (169,163,25,null,null),
 (170,164,34,17,null),
 (171,166,8,null,null),
 (172,165,30,14,null),
 (173,168,1,1,null),
 (174,167,41,null,null),
 (175,174,9,2,null),
 (176,170,1,1,null),
 (177,176,42,null,null),
 (178,172,1,1,null),
 (179,177,26,null,null),
 (180,178,8,null,null),
 (181,177,43,null,null),
 (182,169,42,null,null),
 (183,175,1,1,null),
 (184,180,42,null,null),
 (185,173,33,null,null),
 (186,179,1,1,null),
 (187,181,1,1,null),
 (188,182,42,null,null),
 (189,171,30,14,null),
 (190,184,26,null,null),
 (191,183,1,1,null),
 (192,186,13,null,null),
 (193,185,6,null,null),
 (194,187,6,null,null),
 (195,189,8,null,null),
 (196,188,1,1,null),
 (197,190,1,1,null),
 (198,2,25,null,null),
 (199,191,25,null,null),
 (200,192,1,1,null),
 (201,193,30,14,null),
 (202,194,37,19,null),
 (203,195,1,1,null),
 (204,197,3,3,null),
 (205,196,37,19,null),
 (206,198,30,14,null),
 (207,199,27,null,null),
 (208,201,13,null,null),
 (209,200,25,null,null),
 (210,198,44,null,null),
 (211,203,44,null,null),
 (212,202,8,null,null),
 (213,204,35,18,null),
 (214,203,30,14,null),
 (215,205,32,16,null),
 (216,206,45,null,null),
 (217,207,46,null,null),
 (218,208,34,17,null),
 (219,209,1,1,null),
 (220,210,1,1,null),
 (221,211,1,1,null),
 (222,212,1,1,null),
 (223,213,1,1,null),
 (224,214,25,null,null),
 (225,215,1,1,null),
 (226,216,1,1,null),
 (227,217,1,1,null),
 (228,218,1,1,null),
 (229,219,8,null,null),
 (230,220,1,1,1),
 (231,221,1,1,1),
 (232,222,1,1,1),
 (233,223,46,null,null),
 (234,224,42,null,null),
 (235,225,3,3,2),
 (236,226,3,3,2),
 (237,227,8,null,null),
 (238,228,3,3,2),
 (239,229,6,null,null),
 (240,230,1,1,1),
 (241,231,25,null,null),
 (242,232,3,3,2),
 (243,233,25,null,null),
 (244,234,3,3,2),
 (245,235,13,null,null),
 (246,236,3,3,2),
 (247,237,3,3,2),
 (248,238,1,1,1),
 (249,239,1,1,1),
 (250,240,3,3,2),
 (251,241,3,3,2),
 (252,243,1,1,1),
 (253,244,3,3,2),
 (254,245,3,3,2),
 (255,246,3,3,2),
 (256,247,8,null,null),
 (257,248,1,1,1),
 (258,250,1,null,1),
 (259,251,13,null,null),
 (260,252,25,null,null),
 (261,253,3,3,2),
 (262,255,3,null,2);
insert into product_moniker values (1,'BIONIX'),
 (2,'CLAYBILIZER'),
 (3,'DEFONIX'),
 (4,'DEMULSE'),
 (5,'DUSTDOWN'),
 (6,'FRACSID'),
 (7,'GUARDIAN'),
 (8,'INBOUND'),
 (9,'ISOLUBE'),
 (10,'ISOQUAT'),
 (11,'ISOSURF'),
 (12,'PARANIX'),
 (13,'PETROFLO'),
 (14,'PROPFLO'),
 (15,'SCAVENGE'),
 (16,'SENTINEL'),
 (17,'TRACER');
insert into product_ranges_measured values (1,1,3,null,null,null,null,1.06,null,1.101,null,null,null,null,null,60.0,null,null,1200.0),
 (2,3,3,2,null,null,null,1.06,null,1.101,null,null,null,null,null,60.0,null,null,1200.0),
 (3,4,1,null,null,null,null,null,null,null,null,null,null,null,null,null,null,null,null),
 (4,6,1,null,null,null,null,0.96,1.002,1.06,null,null,null,null,null,null,null,null,null),
 (5,7,3,null,null,null,null,null,null,null,null,null,null,null,null,null,null,null,null),
 (6,8,1,null,4.0,null,6.0,0.97,null,1.07,null,null,null,null,null,null,null,null,null),
 (7,9,1,null,4.0,null,8.0,1.2,1.23,1.26,null,null,null,null,null,null,null,null,null),
 (8,11,1,null,null,null,3.0,1.12,1.15,1.18,null,null,null,null,null,null,null,null,null),
 (9,13,1,null,5.0,6.0,8.0,0.83,0.85,0.88,null,null,null,null,null,null,null,null,null),
 (10,18,2,null,null,null,null,0.85,0.88,0.91,null,null,null,null,null,null,null,null,null),
 (11,24,1,5,6.0,null,10.0,1.02,1.05,1.08,null,null,null,null,null,null,null,null,null),
 (12,26,1,null,4.0,null,6.0,1.11,1.13,1.15,null,null,null,null,null,null,null,null,null),
 (13,28,2,null,null,null,null,0.86,0.88,0.9,null,null,null,null,null,null,null,null,null),
 (14,29,1,10,4.0,null,8.0,null,null,null,null,null,null,null,null,null,null,null,null),
 (15,30,2,null,null,null,null,0.84,0.87,0.9,null,null,null,null,null,null,null,null,null),
 (16,31,1,null,3.0,3.89,5.0,1.01,1.064,1.11,null,null,null,null,null,null,null,null,null),
 (17,32,1,null,4.0,null,8.0,0.99,1.01,1.03,null,null,null,null,null,null,null,null,null),
 (18,33,2,null,null,null,null,0.87,0.9,0.93,null,null,null,null,null,null,null,null,null),
 (19,34,1,null,2.5,2.8,4.0,0.99,1.01,1.03,null,null,null,null,null,null,null,null,null),
 (20,35,1,null,2.0,null,4.0,1.1,1.13,1.16,null,null,null,null,null,null,null,null,null),
 (21,10,1,null,6.0,8.5,9.0,0.97,1.0,1.03,null,null,null,null,null,null,null,null,null),
 (22,36,1,3,4.0,7.0,8.0,0.98,1.01,1.04,null,null,null,null,null,null,null,null,null),
 (23,25,1,5,4.0,null,8.0,1.01,1.03,1.05,null,null,null,null,null,null,null,null,null),
 (24,2,2,null,null,null,null,null,null,null,null,null,null,null,null,null,null,null,null),
 (25,37,2,null,null,null,null,null,null,null,null,null,null,null,null,null,null,null,null),
 (26,20,1,null,null,null,null,null,null,null,null,null,null,null,null,null,null,null,null),
 (27,38,2,null,null,null,null,null,null,null,null,null,null,null,null,null,null,null,null),
 (28,39,2,null,null,null,null,null,null,null,null,null,null,null,null,null,null,null,null),
 (29,40,1,null,null,null,null,null,null,null,null,null,null,null,null,null,null,null,null),
 (30,42,1,10,4.0,null,8.0,null,null,null,null,null,null,null,null,null,null,null,null),
 (31,43,1,11,4.0,null,8.0,null,null,null,null,null,null,null,null,null,null,null,null),
 (32,45,1,null,null,null,null,null,null,null,null,null,null,null,null,null,null,null,null),
 (33,46,1,1,null,null,null,null,null,null,null,null,null,null,null,null,null,null,null);
insert into product_ranges_published values (1,3,2,null,null,null,1.06,null,1.101,8.846,null,9.18,null,null,60.0,null,null,null),
 (2,24,5,null,null,null,1.02,1.05,1.08,null,null,null,null,null,null,null,null,null),
 (3,25,5,null,null,null,1.01,1.03,1.05,null,null,null,null,null,null,null,null,null),
 (4,28,5,null,null,null,0.86,0.88,0.9,null,null,null,null,null,null,null,null,null),
 (5,32,6,4.0,null,8.0,0.99,1.01,1.03,null,null,null,null,null,null,null,null,null),
 (6,30,4,null,null,null,0.84,0.87,0.9,null,null,null,null,null,null,null,null,null),
 (7,1,2,null,null,null,1.06,null,1.101,8.846,null,9.18,null,null,60.0,null,null,null),
 (8,2,7,null,null,null,0.87,0.9,0.93,null,null,null,null,null,null,null,null,null),
 (9,37,7,null,null,null,0.88,0.91,0.94,null,null,null,null,null,null,null,null,null),
 (10,20,5,4.0,null,8.0,0.84,0.88,0.91,null,null,null,null,null,null,null,null,null),
 (11,38,1,null,null,null,0.87,0.93,0.99,null,null,null,null,null,null,null,null,null),
 (12,39,5,null,null,null,0.9,0.93,0.96,null,null,null,null,null,null,null,null,null),
 (13,40,1,2.9,3.9,4.9,0.99,1.091,1.19,null,null,null,null,null,null,null,null,null),
 (14,42,10,null,null,null,1.08,1.09,1.1,null,null,null,null,null,null,null,null,null),
 (15,29,10,null,null,null,1.14,1.15,1.16,null,null,null,null,null,null,null,null,null),
 (16,43,11,null,null,null,0.94,0.97,1.0,null,null,null,null,null,null,null,null,null),
 (17,33,5,null,null,null,0.87,0.9,0.93,null,null,null,null,null,null,null,null,null),
 (18,13,12,null,null,null,0.83,0.85,0.88,null,null,null,null,null,null,null,null,null),
 (19,45,1,4.0,3.78,6.0,0.98,1.03,1.08,null,null,null,null,null,null,null,null,null),
 (20,46,1,10.0,null,null,1.08,1.12,1.15,null,null,null,null,null,null,null,null,null);
insert into product_sample_points values (1,'Top'),
 (2,'Btm'),
 (3,'3IN'),
 (4,'TAP'),
 (5,'T1'),
 (6,'T2'),
 (7,'T3'),
 (8,'T5'),
 (9,'T8'),
 (10,'T12'),
 (11,''),
 (12,'TOP'),
 (13,'T28');
insert into product_sample_storage values (1,1,24,24,1,0,2),
 (2,2,12,24,2,0,3),
 (3,3,12,24,3,0,24),
 (4,4,12,24,4,0,19),
 (5,5,12,24,5,0,24),
 (6,6,12,24,6,0,24),
 (7,7,12,24,7,0,5),
 (8,8,12,24,8,0,24),
 (9,9,12,24,9,0,17),
 (10,10,12,24,10,0,24),
 (11,11,12,24,11,0,8),
 (12,12,12,24,12,0,20),
 (13,13,6,20,19,2,8),
 (14,14,12,24,14,0,19),
 (15,15,12,24,15,0,4),
 (16,16,12,24,16,0,17),
 (17,17,12,24,17,0,12);
insert into product_types values (1,'Water Based',2),
 (2,'Oil Based',2),
 (3,'Friction Reducer',3);
insert into qc_sample_storage_list values (1,'00-001-0000',1),
 (2,'00-002-0000',2),
 (3,'00-003-0000',3),
 (4,'00-004-0000',4),
 (5,'00-005-0000',5),
 (6,'00-006-0000',6),
 (7,'00-007-0000',7),
 (8,'00-008-0000',8),
 (9,'00-009-0000',9),
 (10,'00-010-0000',10),
 (11,'00-011-0000',11),
 (12,'00-012-0000',12),
 (13,'00-013-0000',13),
 (14,'00-014-0000',14),
 (15,'00-015-0000',15),
 (16,'00-016-0000',16),
 (17,'00-017-0000',17),
 (18,'00-013-0001',13),
 (19,'00-013-0002',13);
insert into qc_samples values (1,5,null,null,null,1744736307941205100,0.886177884615385,null,null,null),
 (2,4,1,null,null,1744738604388170000,1.07355769230769,null,47.0,860.0),
 (3,4,2,null,null,1744738604748041900,1.07752403846154,null,27.0,900.0),
 (4,9,null,null,null,1744831076754115000,1.0093,4.9,null,null),
 (5,10,5,null,null,1744833708462659000,1.07800480769231,null,52.0,630.0),
 (6,7,null,null,null,1744835461826359700,1.0307,4.42,null,null),
 (7,8,5,null,null,1744841226127771000,1.2228,4.03,null,null),
 (8,8,null,null,null,1744894617325056700,1.005,7.04,null,null),
 (9,1,null,null,null,1744894650934389000,1.005,7.04,null,null),
 (10,11,1,null,null,1744906518208065500,1.09579326923077,null,21.0,920.0),
 (11,11,2,null,null,1744906518562854700,1.08641826923077,null,28.0,1000.0),
 (12,14,1,null,null,1744932015079540200,1.08257211538462,null,17.0,880.0),
 (13,14,2,null,null,1744932015758691500,1.09014423076923,null,13.0,820.0),
 (14,15,1,null,null,1744933564443989400,1.084375,null,42.0,925.0),
 (15,15,2,null,null,1744933564500670500,1.09639423076923,null,25.0,940.0),
 (16,5,10,null,null,1744981297826964600,0.885817307692308,null,null,null),
 (17,6,5,null,11,1744985243317866100,1.0017,8.31,null,null),
 (18,6,9,null,11,1744985337846322500,1.0019,8.48,null,null),
 (19,17,5,null,null,1744996242625134300,1.1402,1.25,null,null),
 (20,16,1,null,null,1745000911463484200,1.08461538461538,null,30.0,740.0),
 (21,16,2,null,null,1745000912534183800,1.09927884615385,null,19.0,890.0),
 (22,1,null,null,null,1745240256345001800,1.0013,7.03,null,null),
 (23,13,1,null,null,1745252509617728200,0.9991,6.9,null,null),
 (24,13,2,null,null,1745252618212270900,1.0009,7.02,null,null),
 (25,18,1,null,null,1745277274609235500,1.08521634615385,null,27.0,990.0),
 (26,18,2,null,null,1745277275377575800,1.09134615384615,null,19.0,970.0),
 (27,18,1,null,null,1745277453538667000,1.08521634615385,null,27.0,990.0),
 (28,18,2,null,null,1745277455264595400,1.09134615384615,null,19.0,970.0),
 (29,1,null,null,null,1745326943274512400,1.0007,7.17,null,null),
 (30,21,1,null,null,1745341346745283300,1.0875,null,21.0,860.0),
 (31,21,2,null,null,1745341347342036700,1.08774038461538,null,11.0,840.0),
 (32,20,1,null,null,1745343348729722000,1.08725961538462,null,28.0,790.0),
 (33,20,2,null,null,1745343348812594500,1.08545673076923,null,11.0,770.0),
 (34,19,5,null,null,1745354319162253600,0.8682,6.89,null,null),
 (35,19,9,null,null,1745354672445323800,0.8588,6.9,null,null),
 (36,22,1,null,null,1745358437586724400,1.08413461538462,null,29.0,640.0),
 (37,22,2,null,null,1745358450239089600,1.084375,null,24.0,690.0),
 (38,1,4,null,null,1745420504872095900,1.0008,7.05,null,null),
 (39,3,null,null,null,1745429062210470700,1.0271,4.07,null,null),
 (40,23,5,null,14,1745442562642582400,1.0385,3.66,null,null),
 (41,23,9,null,14,1745443048242090300,1.0464,3.37,null,null),
 (42,1,4,null,null,1745499579706566300,1.0002,7.17,null,null),
 (43,19,5,null,null,1745520445697891900,0.908293269230769,null,null,null),
 (44,25,null,null,null,1745531084180405800,1.0321,3.93,null,null),
 (45,24,1,null,null,1745536222547786000,1.08365384615385,null,32.0,590.0),
 (46,24,2,null,null,1745536226126428200,1.08858173076923,null,21.0,690.0),
 (47,27,1,null,null,1745538460214097200,1.0828125,null,35.0,610.0),
 (48,27,2,null,null,1745538469292546300,1.08689903846154,null,26.0,690.0),
 (49,25,null,null,null,1745584970237995900,1.0279,4.11,null,null),
 (50,1,null,null,null,1745589676053007100,1.0005,7.0,null,null),
 (51,26,null,null,null,1745595526980273400,0.8648,6.34,null,null),
 (52,26,null,null,null,1745595648578015900,0.8648,6.34,null,null),
 (53,26,null,null,null,1745596314677645200,0.8648,6.34,null,null),
 (54,26,null,null,null,1745596398787004900,0.8648,6.34,null,null),
 (55,28,1,null,null,1745620281911085800,1.084375,null,18.0,860.0),
 (56,28,2,null,null,1745620283950477300,1.0875,null,12.0,860.0),
 (57,32,1,null,null,1745623334175285200,1.08149038461538,null,41.0,550.0),
 (58,32,2,null,null,1745623334450899100,1.084375,null,44.0,540.0),
 (59,30,null,null,null,1745624147338493700,1.01802884615385,null,null,null),
 (60,31,null,null,null,1745625769618304900,1.058,7.43,null,null),
 (61,31,null,null,null,1745845193356281300,1.0005,7.01,null,null),
 (62,34,1,null,null,1745867565100779200,1.08533653846154,null,24.0,550.0),
 (63,34,2,null,null,1745867566066291300,1.08605769230769,null,22.0,560.0),
 (64,33,1,null,null,1745875315912923800,1.07512019230769,null,25.0,540.0),
 (65,33,2,null,null,1745875318071535400,1.07427884615385,null,34.0,520.0),
 (66,1,null,null,null,1745931637511439700,1.0002,7.17,null,null),
 (67,37,1,null,null,1745945581221473500,1.09002403846154,null,38.0,580.0),
 (68,37,2,null,null,1745945582050138400,1.08425480769231,null,32.0,590.0),
 (69,38,5,null,null,1745948261025993300,0.898317307692308,null,null,null),
 (70,35,1,null,null,1745960504396261500,1.07908653846154,null,14.0,650.0),
 (71,35,2,null,null,1745960504992905300,1.08365384615385,null,16.0,720.0),
 (72,36,1,null,null,1745963487652186100,1.08641826923077,null,27.0,1015.0),
 (73,36,2,null,null,1745963487748712900,1.10564903846154,null,18.0,920.0),
 (74,40,5,null,null,1745964716843469700,1.0587,6.0,null,null),
 (75,43,5,null,null,1746020522385083600,0.8815,6.79,null,null),
 (76,1,4,null,null,1746020873162281300,0.9999,7.29,null,null),
 (77,42,5,null,null,1746021276920950100,1.041,6.77,null,null),
 (78,41,null,null,null,1746022946350926000,1.0517,6.15,null,null),
 (79,39,5,null,null,1746023506119541800,1.0935,6.27,null,null),
 (80,45,5,null,null,1746029119052319000,1.0499,9.48,null,null),
 (81,45,5,null,null,1746029681822860900,1.053,9.41,null,null),
 (82,44,1,null,null,1746041039436241100,1.08713942307692,null,37.0,620.0),
 (83,44,2,null,null,1746041040259024800,1.08677884615385,null,33.0,770.0),
 (84,47,null,null,null,1746127123624141300,1.2008,3.12,null,null),
 (85,47,null,null,null,1746134661894750000,1.201,3.06,null,null),
 (86,48,1,null,null,1746140267563315400,1.09194711538462,null,18.0,1320.0),
 (87,48,2,null,null,1746140269522442100,1.10288461538462,null,15.0,1070.0),
 (88,47,7,null,null,1746140325376114100,1.232,4.14,null,null),
 (89,46,1,null,null,1746142358060199600,1.08413461538462,null,13.0,920.0),
 (90,46,2,null,null,1746142358168072800,1.08990384615385,null,11.0,905.0),
 (91,55,1,null,null,1746218887411075700,1.08894230769231,null,14.0,1290.0),
 (92,55,2,null,null,1746218888059693000,1.08786057692308,null,10.0,1060.0),
 (93,50,null,null,null,1746219019615318600,1.0351,3.79,null,null),
 (94,53,null,null,null,1746219088593560000,1.0485,5.97,null,null),
 (95,52,1,null,null,1746224080676108200,1.0859375,null,30.0,890.0),
 (96,52,2,null,null,1746224080777134700,1.08173076923077,null,14.0,880.0),
 (97,49,1,null,null,1746226319433103900,1.07259615384615,null,27.0,430.0),
 (98,49,2,null,null,1746226319523437000,1.07307692307692,null,24.0,450.0),
 (99,48,1,null,null,1746227342272002400,1.08197115384615,null,19.0,1330.0),
 (100,48,2,null,null,1746227342390878600,1.08774038461538,null,15.0,1390.0),
 (101,51,5,null,null,1746227921646201900,1.1405,4.18,null,null),
 (102,51,9,null,null,1746227945572429100,1.1395,4.15,null,null),
 (103,1,4,null,null,1746452840883296100,1.0002,7.14,null,null),
 (104,54,5,null,17,1746458578660097900,1.0044,5.14,null,null),
 (105,54,3,null,17,1746461584018510000,1.0001,6.94,null,null),
 (106,57,null,null,null,1746464917710857600,1.0479,5.42,null,null),
 (107,1,4,null,null,1746536792888217200,0.9999,7.3,null,null),
 (108,58,null,null,15,1746549553446732000,1.02788461538462,null,null,null),
 (109,1,4,null,null,1746625908423594700,1.0,7.24,null,null),
 (110,1,4,null,null,1746711213562635900,1.0005,7.25,null,null),
 (111,61,5,null,null,1746723093385914700,0.897716346153846,null,null,null),
 (112,60,null,null,null,1746726632891466200,1.028,4.77,null,null),
 (113,47,8,null,null,1746731437009069500,1.2341,4.17,null,null),
 (114,47,5,null,null,1746741456634357900,1.0021,3.27,null,null),
 (115,59,null,null,null,1746741787388772900,1.0989,4.1,null,null),
 (116,59,null,null,null,1746801589454546900,1.1271,4.11,null,null),
 (117,1,4,null,null,1746802123132953200,1.0003,7.27,null,null),
 (118,63,5,null,2,1746817803225681000,1.212,6.45,null,null),
 (119,63,6,null,2,1746817957543603400,1.2451,6.29,null,null),
 (120,63,6,null,2,1746822267602370400,1.142,6.84,null,null),
 (121,63,6,null,2,1746822320437825200,1.141,6.66,null,null),
 (122,63,5,null,2,1746822489135684100,1.141,6.66,null,null),
 (123,62,1,null,null,1746829192231407000,1.08786057692308,null,26.0,1420.0),
 (124,62,2,null,null,1746829200066304000,1.08954326923077,null,26.0,1360.0),
 (125,64,5,null,null,1746829978368367700,0.900360576923077,null,null,null),
 (126,1,4,null,null,1747056478412323900,1.0001,7.29,null,null),
 (127,62,1,null,null,1747069757791060200,1.08040865384615,null,16.0,1070.0),
 (128,62,2,null,null,1747069757966636900,1.08413461538462,null,14.0,1070.0),
 (129,66,null,null,7,1747076369024143800,1.1618,1.41,null,null),
 (130,67,1,null,null,1747088691350153900,1.082,null,20.0,1065.0),
 (131,67,2,null,null,1747088692976619100,1.081,null,19.0,1050.0),
 (132,68,1,null,null,1747153989584499200,1.087,null,10.0,1040.0),
 (133,68,2,null,null,1747153990056871800,1.087,null,17.0,1000.0),
 (134,65,1,null,null,1747169568562947300,1.08,null,14.0,1050.0),
 (135,65,2,null,null,1747169569543213500,1.083,null,15.0,1075.0),
 (136,71,5,null,null,1747171091770772600,0.863,6.92,null,null),
 (137,71,9,null,null,1747172018099070200,0.8628,7.0,null,null),
 (138,70,1,null,null,1747240680437947600,1.083,null,18.0,1155.0),
 (139,70,2,null,null,1747240681785660000,1.092,null,13.0,1115.0),
 (140,69,1,null,null,1747255761842275400,1.085,null,21.0,1065.0),
 (141,69,2,null,null,1747255763353435200,1.08,null,10.0,920.0),
 (142,73,5,null,null,1747318017050197500,0.8696,null,null,null),
 (143,72,1,null,null,1747326969266091400,1.081,null,17.0,1055.0),
 (144,72,2,null,null,1747326970164374100,1.085,null,21.0,1075.0),
 (145,74,1,null,null,1747328836143416100,1.083,null,28.0,970.0),
 (146,74,2,null,null,1747328837006307000,1.082,null,22.0,940.0),
 (147,76,null,null,null,1747404589515964400,1.0587,3.64,null,null),
 (148,78,null,null,null,1747406022158617500,0.8981,null,null,null),
 (149,77,null,null,null,1747406043726489500,0.8981,null,null,null),
 (150,79,1,null,null,1747424790936479900,1.089,null,20.0,1090.0),
 (151,79,2,null,null,1747424792513744300,1.09,null,9.0,1080.0),
 (152,80,null,null,null,1747427668103049300,1.0288,3.84,null,null),
 (153,83,5,null,null,1747428176093461300,1.0143,4.16,null,null),
 (154,81,5,null,null,1747429051266096100,0.9067,null,null,null),
 (155,87,1,null,null,1747665556906723900,1.075,null,21.0,750.0),
 (156,87,2,null,null,1747665558199337900,1.09,null,21.0,800.0),
 (157,75,1,null,null,1747666327230280800,1.084,null,18.0,1080.0),
 (158,75,2,null,null,1747666327624888100,1.089,null,19.0,960.0),
 (159,84,1,null,null,1747666673636358300,1.08,null,21.0,1090.0),
 (160,84,2,null,null,1747666674564016200,1.052,null,22.0,900.0),
 (161,85,1,null,null,1747666774820181700,1.082,null,19.0,1090.0),
 (162,85,2,null,null,1747666774987050200,1.08,null,20.0,1050.0),
 (163,86,1,null,null,1747666823693281300,1.084,null,21.0,1150.0),
 (164,86,2,null,null,1747666823794333400,1.088,null,22.0,1000.0),
 (165,88,1,null,null,1747666882744398500,1.081,null,22.0,1160.0),
 (166,88,2,null,null,1747666882850190800,1.091,null,21.0,1113.0),
 (167,1,4,null,null,1747669238775133700,1.0004,7.14,null,null),
 (168,91,1,null,null,1747697832387633000,1.079,null,14.0,1180.0),
 (169,91,2,null,null,1747697832938315000,1.092,null,18.0,1080.0),
 (170,1,4,null,null,1747748192395032200,0.9993,7.26,null,null),
 (171,90,1,null,null,1747750765322900600,1.084,null,13.0,1220.0),
 (172,90,2,null,null,1747750765876429900,1.085,null,21.0,1220.0),
 (173,93,5,null,16,1747760065979516000,1.0194,3.31,null,null),
 (174,89,1,null,null,1747763619463404800,1.085,null,11.0,840.0),
 (175,89,2,null,null,1747763620456640200,1.092,null,13.0,800.0),
 (176,92,5,null,null,1747852908307527300,0.8613,5.87,null,null),
 (177,92,9,null,null,1747853452624709000,0.8551,5.95,null,null),
 (178,95,5,null,null,1747854191405485900,1.1202,3.98,null,null),
 (179,94,1,null,null,1747856806808520000,1.087,null,15.0,1340.0),
 (180,94,2,null,null,1747856809491322200,1.086,null,12.0,1300.0),
 (181,96,1,null,null,1747859240007389300,1.088,null,14.0,1220.0),
 (182,96,2,null,null,1747859241466727600,1.086,null,16.0,1230.0),
 (183,97,5,null,null,1747863750239072800,1.0519,9.23,null,null),
 (184,98,1,null,null,1747865644110838400,1.086,null,41.0,1320.0),
 (185,98,2,null,null,1747865644250435400,1.089,null,34.0,1230.0),
 (186,99,1,null,null,1747868683672507000,1.079,null,20.0,1170.0),
 (187,99,2,null,null,1747868684304504100,1.085,null,25.0,1090.0),
 (188,100,1,null,null,1747870866038406700,1.081,null,13.0,970.0),
 (189,100,2,null,null,1747870866220680400,1.095,null,17.0,985.0),
 (190,102,2,null,null,1747934221695478900,1.078,null,11.0,590.0),
 (191,101,1,null,null,1747945944346220400,1.079,null,14.0,885.0),
 (192,101,2,null,null,1747945944921574600,1.095,null,12.0,900.0),
 (193,103,1,null,null,1747948722077175500,1.081,null,16.0,890.0),
 (194,103,2,null,null,1747948722327693100,1.087,null,13.0,875.0),
 (195,105,null,null,null,1748017278237492300,1.0249,4.19,null,null),
 (196,105,null,null,null,1748017281753879000,1.0249,4.19,null,null),
 (197,104,1,null,null,1748021815621535000,1.078,null,33.0,920.0),
 (198,104,2,null,null,1748021816147548300,1.081,null,28.0,900.0),
 (199,108,5,null,null,1748027754668297000,0.9993,7.31,null,null),
 (200,106,5,null,null,1748028039515881200,1.0159,6.54,null,null),
 (201,107,1,null,null,1748029078718481800,1.09,null,26.0,1290.0),
 (202,107,2,null,null,1748029078855436000,1.09,null,28.0,1250.0),
 (203,112,5,null,null,1748373863900150300,1.065,9.18,null,null),
 (204,110,1,null,null,1748381272826731400,1.087,null,27.0,1035.0),
 (205,110,2,null,null,1748381273300098500,1.089,null,21.0,1040.0),
 (206,111,null,null,null,1748381404544052100,1.0293,5.07,null,null),
 (207,113,null,null,null,1748442125371697900,0.899,null,null,null),
 (208,113,null,null,null,1748442583066478800,0.9996,7.09,null,null),
 (209,56,1,null,null,1748529510524309000,1.088,null,18.0,1240.0),
 (210,56,2,null,null,1748529510964191300,1.097,null,21.0,1050.0),
 (211,114,5,null,null,1748535457875261800,0.8632,6.95,null,null),
 (212,114,9,null,null,1748535806737755500,0.8556,6.69,null,null),
 (213,117,5,null,null,1748550500931402100,1.0119,4.22,null,null),
 (214,115,null,null,null,1748553778251931700,1.0292,3.75,null,null),
 (215,116,null,null,null,1748559422582837700,1.082,null,20.0,730.0),
 (216,116,5,null,null,1748638939353620200,0.8731,null,null,null),
 (217,118,null,null,null,1748642218780270600,1.048,5.35,null,null),
 (218,116,9,null,null,1748869882816053300,0.8731,null,null,null),
 (219,1,4,null,null,1748871153035562500,0.9998,7.12,null,null),
 (220,119,null,null,null,1748885231629254600,1.08,null,18.0,750.0),
 (221,120,null,null,null,1748892249726917300,0.8668,null,null,null),
 (222,120,9,null,null,1748964279052082600,0.8678,null,null,null),
 (223,122,5,null,null,1748988630645815500,0.8679,null,null,null),
 (224,124,11,null,null,1749050861706998500,1.0466,5.11,null,null),
 (225,123,5,null,null,1749067623482723900,1.085,null,19.0,935.0),
 (226,121,11,null,null,1749071589998534900,1.06,4.46,null,null),
 (227,1,4,null,null,1749071618781846800,1.0009,6.75,null,null),
 (228,106,6,null,null,1749077889330962800,1.0159,6.68,null,null),
 (229,125,1,null,null,1749142761642081200,1.086,null,14.0,1370.0),
 (230,125,2,null,null,1749142762652906500,1.09,null,18.0,1340.0),
 (231,126,1,null,null,1749256961043752000,1.087,null,24.0,1410.0),
 (232,126,2,null,null,1749256962447636400,1.09,null,18.0,1460.0),
 (233,129,5,null,9,1749497324663241100,0.8913,null,null,null),
 (234,128,1,null,null,1749500771194885500,1.086,null,18.0,1190.0),
 (235,128,2,null,null,1749500773125074900,1.087,null,15.0,1200.0),
 (236,130,1,null,null,1749504765866954200,1.088,null,37.0,1330.0),
 (237,130,2,null,null,1749504765980356500,1.09,null,36.0,1390.0),
 (238,131,1,null,null,1749512856494117400,1.092,null,25.0,1520.0),
 (239,131,2,null,null,1749512857205554100,1.1,null,14.0,1610.0),
 (240,129,9,null,9,1749568417312656700,0.8874,null,null,null),
 (241,132,5,null,null,1749588784274028700,1.087,null,28.0,1040.0),
 (242,134,1,null,null,1749769770232387800,1.09,null,15.0,1260.0),
 (243,134,2,null,null,1749769771817820400,1.091,null,20.0,1150.0),
 (244,135,1,null,null,1749840551802258800,1.09,null,31.0,1190.0),
 (245,135,2,null,null,1749840553443422100,1.09,null,20.0,1060.0),
 (246,133,5,null,null,1749842328703671900,0.8975,null,null,null),
 (247,136,1,null,null,1750099452053137500,1.087,null,16.0,1140.0),
 (248,136,2,null,null,1750099453168919900,1.088,null,14.0,1110.0),
 (249,137,11,null,1,1750101858432649600,1.0329,3.61,null,null),
 (250,1,4,null,null,1750102345711656500,0.9998,6.94,null,null),
 (251,1,4,null,null,1750169400821382900,0.9993,7.06,null,null),
 (252,138,5,null,null,1750178007952315600,0.855,6.54,null,null),
 (253,138,9,null,null,1750188540124426100,0.8542,6.77,null,null),
 (254,139,5,null,null,1750272654261081100,0.8845,null,null,null),
 (255,139,11,null,null,1750286310955648900,0.8862,null,null,null),
 (256,141,5,null,null,1750355973277660500,1.0128,4.36,null,null),
 (257,1,4,null,null,1750356988503457600,0.9982,6.96,null,null),
 (258,140,1,null,null,1750358823742327700,1.085,null,32.0,1170.0),
 (259,140,2,null,null,1750358824825810600,1.096,null,13.0,1090.0),
 (260,142,5,null,null,1750456615110617900,0.8757,6.54,null,null),
 (261,143,1,null,null,1750686975644753100,1.07,null,16.0,980.0),
 (262,143,2,null,null,1750686976916753100,1.07,null,17.0,860.0),
 (263,1,4,null,null,1750698719822799300,0.9985,7.16,null,null),
 (264,144,5,null,null,1750698838759972600,1.1171,3.9,null,null),
 (265,146,11,null,null,1750784877820205100,1.0489,5.22,null,null),
 (266,147,5,null,null,1750786736461570400,1.0197,3.1,null,null),
 (267,109,5,null,null,1750802437219436500,1.09,null,11.0,1010.0),
 (268,145,1,null,null,1750878094778435500,1.091,null,21.0,1130.0),
 (269,145,2,null,null,1750878095615148400,1.092,null,36.0,1185.0),
 (270,1,4,null,null,1750948500869930100,0.9982,7.11,null,null),
 (271,149,11,null,null,1751041152247225100,1.0309,4.13,null,null),
 (272,148,1,null,null,1751296631740212500,1.075,null,18.0,710.0),
 (273,148,2,null,null,1751296633348127100,1.078,null,18.0,700.0),
 (274,150,1,null,null,1751387331863713600,1.086,null,17.0,735.0),
 (275,150,2,null,null,1751387333126129400,1.092,null,15.0,720.0),
 (276,151,1,null,null,1751389670372803700,1.088,null,22.0,725.0),
 (277,151,2,null,null,1751389670481204900,1.087,null,20.0,740.0),
 (278,152,1,null,null,1751397506186333200,1.087,null,19.0,660.0),
 (279,152,2,null,null,1751397506755407500,1.091,null,23.0,650.0),
 (280,154,5,null,null,1751401638413864100,1.0198,3.2,null,null),
 (281,153,5,null,null,1751402027589955700,0.9405,null,null,null),
 (282,127,11,null,null,1751407929359536900,0.8829,null,null,null),
 (283,127,6,null,null,1751481419530542300,0.8881,null,null,null),
 (284,127,7,null,null,1751482066162226900,0.888,null,null,null),
 (285,155,1,null,null,1751492130640469500,1.089,null,17.0,690.0),
 (286,155,2,null,null,1751492132459469200,1.089,null,16.0,670.0),
 (287,156,1,null,null,1751493945207503500,1.085,null,17.0,665.0),
 (288,156,2,null,null,1751493945301964300,1.091,null,17.0,650.0),
 (289,153,9,null,null,1751494552632932100,0.9267,null,null,null),
 (290,158,5,null,null,1751571165659132200,1.1365,4.07,null,null),
 (291,157,1,null,null,1751894501410744500,1.077,null,22.0,640.0),
 (292,157,2,null,null,1751894503020004000,1.075,null,18.0,600.0),
 (293,159,1,null,null,1751894593545429500,1.081,null,18.0,660.0),
 (294,159,2,null,null,1751894593672462800,1.082,null,19.0,630.0),
 (295,161,11,null,null,1751903949081183500,1.0443,3.86,null,null),
 (296,1,4,null,null,1751904140300542300,0.9984,7.11,null,null),
 (297,158,9,null,null,1751925863599170500,1.1308,4.03,null,null),
 (298,160,1,null,null,1751992002205096600,1.074,null,19.0,435.0),
 (299,160,2,null,null,1751992003512780400,1.073,null,22.0,440.0),
 (300,1,11,null,null,1752070764120352100,1.0825,3.44,null,null),
 (301,162,5,null,null,1752071357351816000,1.0825,3.44,null,null),
 (302,163,3,null,null,1752078270456854500,1.0462,5.04,null,null),
 (303,162,9,null,null,1752087133347313300,1.0787,3.66,null,null),
 (304,164,5,null,null,1752097750676330300,1.0175,3.04,null,null),
 (305,1,11,null,null,1752153395519986400,0.9989,6.97,null,null),
 (306,166,12,null,null,1752176188023020600,1.0198,4.02,null,null),
 (307,165,5,null,null,1752177344070728100,0.8706,null,null,null),
 (308,165,9,null,null,1752239376548433300,0.8724,null,null,null),
 (309,168,1,null,null,1752266301242960000,1.089,null,16.0,950.0),
 (310,168,2,null,null,1752266302549449900,1.088,null,14.0,960.0),
 (311,167,5,null,null,1752500304513240400,1.13,6.89,null,null),
 (312,174,5,null,null,1752612349936554000,1.2327,4.09,null,null),
 (313,170,1,null,null,1752687306094226700,1.084,null,14.0,770.0),
 (314,170,2,null,null,1752687307308550300,1.086,null,19.0,735.0),
 (315,172,1,null,null,1752688466137576700,1.09,null,19.0,790.0),
 (316,172,2,null,null,1752688466912821200,1.087,null,22.0,810.0),
 (317,176,3,null,null,1752692876138940800,1.087,1.33,null,null),
 (318,177,11,null,null,1752772536259197500,1.12,4.0,null,null),
 (319,175,1,null,null,1752775702819870900,1.09,null,22.0,910.0),
 (320,175,2,null,null,1752775704777849000,1.095,null,15.0,920.0),
 (321,178,5,null,null,1752776835884793700,1.02,5.0,null,null),
 (322,178,9,null,null,1752777053378325200,1.0207,5.0,null,null),
 (323,177,5,null,null,1752789498262934200,0.94,6.99,null,null),
 (324,169,12,null,null,1752790906133228000,1.0882,7.57,null,null),
 (325,180,12,null,null,1752856196829441400,1.08,7.75,null,null),
 (326,173,5,null,null,1752868361526329600,0.9058,null,null,null),
 (327,179,1,null,null,1753104765933143100,1.075,null,16.0,910.0),
 (328,179,2,null,null,1753104767071840300,1.079,null,19.0,800.0),
 (329,181,1,null,null,1753104890140532000,1.08,null,20.0,810.0),
 (330,181,2,null,null,1753104890606920100,1.081,null,16.0,800.0),
 (331,182,11,null,null,1753105022279506500,1.08,7.65,null,null),
 (332,171,5,null,null,1753125110228026700,0.8677,null,null,null),
 (333,184,12,null,null,1753127149391034500,1.1375,4.21,null,null),
 (334,171,9,null,null,1753132134863982800,0.8651,null,null,null),
 (335,183,1,null,null,1753133536991200700,1.085,null,13.0,810.0),
 (336,183,2,null,null,1753133538612033500,1.083,null,13.0,840.0),
 (337,186,5,null,null,1753195925622909900,0.8562,7.73,null,null),
 (338,186,9,null,null,1753212178353940300,0.8525,6.86,null,null),
 (339,185,3,null,null,1753218736659215400,1.0027,3.11,null,null),
 (340,187,3,null,null,1753226020281495100,1.0067,4.24,null,null),
 (341,189,11,null,null,1753308801431591900,1.0173,4.4,null,null),
 (342,188,1,null,null,1753372230088471200,1.08,null,15.0,620.0),
 (343,188,2,null,null,1753372231200760400,1.075,null,16.0,640.0),
 (344,191,11,null,null,1753394402923009600,1.0352,5.1,null,null),
 (345,190,1,null,null,1753397872233219100,1.093,null,15.0,860.0),
 (346,190,2,null,null,1753397873130997000,1.084,null,16.0,880.0),
 (347,192,1,null,null,1753462446022113800,1.088,null,21.0,875.0),
 (348,192,2,null,null,1753462446502978300,1.09,null,22.0,800.0),
 (349,171,13,null,null,1753463036264173500,0.87,null,null,null),
 (350,193,5,null,null,1753463680041821100,0.8688,null,null,null),
 (351,194,5,null,null,1753477744075487500,0.9043,null,null,null),
 (352,195,1,null,null,1753552403488520900,1.08,null,17.0,900.0),
 (353,195,2,null,null,1753552404068727600,1.086,null,20.0,750.0),
 (354,197,5,null,null,1753712061233618600,1.082,null,19.0,580.0),
 (355,196,5,null,null,1753713399039412200,0.9006,null,null,null),
 (356,198,11,null,12,1753716636537416000,0.8721,null,null,null),
 (357,198,9,null,12,1753728066896222600,0.8743,null,null,null),
 (358,199,11,null,null,1753731201642989600,1.001,5.15,null,null),
 (359,201,5,null,4,1753796421729957800,0.8563,7.21,null,null),
 (360,200,11,null,null,1753797834598764800,1.0443,5.09,null,null),
 (361,201,9,null,4,1753806709745807200,0.8587,7.02,null,null),
 (362,203,11,null,null,1753881123945880300,0.872,null,null,null),
 (363,204,5,null,null,1753890198530906800,3.84,1.1183,null,null),
 (364,202,12,null,null,1753893824672646600,4.5,1.0183,null,null),
 (365,203,9,null,null,1753902846347864500,null,0.875,null,null),
 (366,205,5,null,null,1753966333048327500,4.12,1.0144,null,null),
 (367,206,5,null,null,1753992086669874300,5.0,1.0183,null,null),
 (368,207,12,null,null,1753996788159287100,11.67,1.1183,null,null),
 (369,208,5,null,null,1753998302927235200,3.03,1.0169,null,null),
 (370,209,1,null,null,1754156220764921300,null,1.077,18.0,870.0),
 (371,209,2,null,null,1754156221289113800,null,1.075,18.0,800.0),
 (372,210,1,null,null,1754157786320806000,null,1.097,17.0,790.0),
 (373,210,2,null,null,1754157786420538700,null,1.07,18.0,790.0),
 (374,211,1,null,null,1754334219873647600,null,1.091,14.0,1160.0),
 (375,211,2,null,null,1754334220594103200,null,1.092,12.0,1140.0),
 (376,212,1,null,null,1754335856108781300,null,1.088,15.0,1090.0),
 (377,212,2,null,null,1754335856212721300,null,1.089,15.0,1030.0),
 (378,214,11,null,null,1754344382423097900,5.13,1.0439,null,null),
 (379,213,1,null,13,1754347828859604500,null,1.09,13.0,1050.0),
 (380,213,2,null,13,1754347829443881800,null,1.096,11.0,1020.0),
 (381,215,1,null,null,1754350860967488100,null,1.088,21.0,1070.0),
 (382,215,2,null,null,1754350861114252500,null,1.09,15.0,950.0),
 (383,216,1,null,null,1754430828896431900,null,1.075,17.0,800.0),
 (384,216,2,null,null,1754430829644010400,null,1.074,14.0,760.0),
 (385,217,1,null,null,1754661175958985200,null,1.075,12.0,760.0),
 (386,217,2,null,null,1754661176212986800,null,1.07,13.0,720.0),
 (387,218,1,1,null,1754684718522632100,null,1.086,18.0,960.0),
 (388,218,2,1,null,1754684718682767000,null,1.088,22.0,930.0),
 (389,219,11,1,null,1754689118268108500,5.0,1.0184,null,null),
 (390,220,1,1,null,1754694491132938600,null,1.09,17.0,1040.0),
 (391,220,2,1,null,1754694491174167300,null,1.09,18.0,1060.0),
 (392,221,1,2,null,1754755329071018900,null,1.08,12.0,960.0),
 (393,221,2,2,null,1754755329121440300,null,1.09,14.0,770.0),
 (394,222,1,2,null,1754757383092879500,null,1.081,16.0,930.0),
 (395,222,2,2,null,1754757383113832100,null,1.084,14.0,830.0),
 (396,223,5,3,null,1754917275536698400,11.74,1.1,null,null),
 (397,223,9,3,null,1754917294760955700,11.76,1.12,null,null),
 (398,226,1,1,13,1754952598900018700,null,1.08,13.0,900.0),
 (399,226,2,1,13,1754952598964790900,null,1.085,12.0,950.0),
 (400,225,1,1,null,1754955836841713500,null,1.086,12.0,915.0),
 (401,225,2,1,null,1754955836898992500,null,1.094,9.0,1010.0),
 (402,227,5,1,null,1755010514234557600,5.0,1.0226,null,null),
 (403,228,1,1,18,1755029580541141100,null,1.077,9.0,850.0),
 (404,228,2,1,18,1755029580674000500,null,1.085,12.0,870.0),
 (405,229,3,1,null,1755031362321771100,0.0,1.0133,null,null),
 (406,230,1,1,null,1755036489856800500,null,1.086,18.0,1120.0),
 (407,230,2,1,null,1755036490003705500,null,1.093,32.0,1140.0),
 (408,231,11,4,null,1755109925837964400,4.91,1.05,null,null),
 (409,233,3,1,null,1755121815717836700,5.17,1.0425,null,null),
 (410,232,1,1,null,1755122446321062600,null,1.081,15.0,660.0),
 (411,232,2,1,null,1755122446431526600,null,1.078,23.0,670.0),
 (412,234,1,1,null,1755125219985075900,null,1.087,13.0,660.0),
 (413,234,2,1,null,1755125220133965700,null,1.088,15.0,685.0),
 (414,235,5,1,null,1755176927209497100,7.01,0.8568,null,null),
 (415,235,9,1,null,1755191483956006600,7.0,0.8528,null,null),
 (416,236,1,1,null,1755193393014181000,null,1.075,18.0,710.0),
 (417,236,2,1,null,1755193393687890500,null,1.086,16.0,790.0),
 (418,237,1,1,null,1755201608652564600,null,1.088,17.0,810.0),
 (419,237,2,1,null,1755201609771780200,null,1.095,18.0,870.0),
 (420,238,1,1,18,1755283933827641000,null,1.068,33.0,520.0),
 (421,238,2,1,18,1755283933913921100,null,1.071,36.0,560.0),
 (422,239,1,1,18,1755297743368279400,null,1.092,31.0,920.0),
 (423,239,2,1,18,1755297743436552100,null,1.089,34.0,945.0),
 (424,241,1,1,18,1755543144762200800,null,1.086,12.0,740.0),
 (425,241,2,1,18,1755543144848861000,null,1.091,13.0,770.0),
 (426,240,1,1,18,1755545062241295700,null,1.083,17.0,670.0),
 (427,240,2,1,18,1755545062312293600,null,1.082,13.0,690.0),
 (428,242,11,1,null,1755549295385462500,null,1.103,26.0,590.0),
 (429,243,1,1,19,1755552868180742900,null,1.09,23.0,680.0),
 (430,243,2,1,19,1755552868382889400,null,1.093,23.0,670.0),
 (431,244,1,1,19,1755634251286934100,null,1.09,13.0,920.0),
 (432,244,2,1,19,1755634251441491300,null,1.096,9.0,980.0),
 (433,245,1,1,19,1755636327013773900,null,1.088,22.0,800.0),
 (434,245,2,1,19,1755636327116962500,null,1.087,22.0,800.0),
 (435,246,1,1,19,1755642889632945000,null,1.084,17.0,690.0),
 (436,246,2,1,19,1755642889711953400,null,1.087,11.0,760.0),
 (437,247,5,1,1,1755713938928988300,5.5,1.0226,null,null),
 (438,249,11,1,null,1755789471222751500,null,1.077,22.0,840.0),
 (439,248,1,1,19,1755791562071465800,null,1.075,29.0,560.0),
 (440,248,2,1,19,1755791562187215300,null,1.079,28.0,590.0),
 (441,250,11,1,null,1755792315045583500,null,1.091,29.0,920.0),
 (442,251,5,1,4,1755798324348772900,6.71,0.855,null,null),
 (443,252,11,5,7,1755889471838367300,5.14,1.465,null,null),
 (444,253,1,1,19,1755893684298765900,null,1.086,18.0,990.0),
 (445,253,2,1,19,1755893684497236200,null,1.095,16.0,1050.0),
 (446,254,11,1,null,1755895196018382000,null,1.073,12.0,720.0),
 (447,255,11,1,null,1755898181772987900,null,1.072,18.0,790.0);
insert into qc_tester_list values (1,'SAMUEL JIMENEZ'),
 (2,'DJ'),
 (3,'AL'),
 (4,'DAVID'),
 (5,'MIG');
insert into recipe_components values (1,1,1,0.3,0),
 (2,1,2,0.7,1),
 (3,2,3,0.65,1),
 (4,2,1,0.35,0);
insert into recipe_list values (1,1),
 (2,3);
COMMIT;
